x,y,xy,longitude,latitude
gd,101,gd101,-164.9068,54.16076
gd,103,gd103,-164.7105,54.28172
gf,101,gf101,-164.6606,54.04598
gf,103,gf103,-164.4648,54.16693
gf,105,gf105,-164.2684,54.28789
gf,107,gf107,-164.0715,54.40885
gf,109,gf109,-163.874,54.5298
gh,103,gh103,-164.2199,54.05215
gh,105,gh105,-164.0241,54.17311
gh,107,gh107,-163.8277,54.29406
gh,109,gh109,-163.6307,54.41502
gh,111,gh111,-163.4332,54.53598
gj,105,gj105,-163.7806,54.05832
gj,107,gj107,-163.5848,54.17928
gj,109,gj109,-163.3884,54.30024
gj,111,gj111,-163.1914,54.42119
gj,113,gj113,-162.9938,54.54215
gj,115,gj115,-162.7957,54.66311
gj,117,gj117,-162.5969,54.78406
gl,107,gl107,-163.3427,54.0645
gl,109,gl109,-163.1468,54.18545
gl,111,gl111,-162.9504,54.30641
gl,115,gl115,-162.5558,54.54832
gl,121,gl121,-161.9594,54.91119
gl,123,gl123,-161.7594,55.03215
gl,125,gl125,-161.5588,55.1531
gl,127,gl127,-161.3576,55.27406
gn,109,gn109,-162.9061,54.07067
gn,111,gn111,-162.7102,54.19162
gn,113,gn113,-162.5137,54.31258
gn,115,gn115,-162.3167,54.43354
gn,117,gn117,-162.119,54.55449
gn,119,gn119,-161.9208,54.67545
gn,121,gn121,-161.722,54.79641
gn,123,gn123,-161.5226,54.91736
gn,125,gn125,-161.3226,55.03832
gn,127,gn127,-161.1219,55.15928
gn,129,gn129,-160.9207,55.28023
gp,111,gp111,-162.4781761,54.10065285
gp,113,gp113,-162.3098864,54.19394021
gp,115,gp115,-162.0986778,54.30297701
gp,117,gp117,-161.8877804,54.436275
gp,119,gp119,-161.7085865,54.56834155
gp,121,gp121,-161.4935538,54.68484478
gp,123,gp123,-161.2865,54.80258
gp,125,gp125,-161.0871,54.92353
gp,127,gp127,-160.887,55.04449
gp,135,gp135,-160.0808,55.52832
gp,137,gp137,-159.8777,55.64927
gr,113,gr113,-162.0369,54.08301
gr,115,gr115,-161.8409,54.20397
gr,117,gr117,-161.6444,54.32492
gr,119,gr119,-161.4473,54.44588
gr,121,gr121,-161.2496,54.56684
gr,123,gr123,-161.0513,54.68779
gr,125,gr125,-160.8524,54.80875
gr,127,gr127,-160.6529,54.92971
gr,129,gr129,-160.4529,55.05066
gr,131,gr131,-160.2522,55.17162
gr,135,gr135,-159.849,55.41353
gr,141,gr141,-159.2395,55.7764
gr,151,gr151,-158.2111,56.38118
gt,115,gt115,-161.6043,54.08918
gt,117,gt117,-161.4083,54.21014
gt,119,gt119,-161.2117,54.3311
gt,121,gt121,-161.0146,54.45205
gt,123,gt123,-160.8168,54.57301
gt,125,gt125,-160.6185,54.69397
gt,127,gt127,-160.4196,54.81492
gt,135,gt135,-159.618,55.29875
gt,137,gt137,-159.416,55.4197
gt,139,gt139,-159.2135,55.54066
gt,141,gt141,-159.0103,55.66162
gt,145,gt145,-158.6021,55.90353
gt,151,gt151,-157.9849,56.2664
gt,153,gt153,-157.7779,56.38736
gt,155,gt155,-157.5702,56.50831
gt,163,gt163,-156.75,56.85
gt,169,gt169,-156.0833,57.355
gt,171,gt171,-155.7667,57.45
gt,173,gt173,-155.4667,57.6167
gt,197,gt197,-153.0471,59.0484
gt,199,gt199,-152.8235,59.16935
gt,201,gt201,-152.5992,59.29031
gt,203,gt203,-152.374,59.41127
gt,205,gt205,-152.148,59.53222
gt,207,gt207,-151.9212,59.65318
gu,158,gu158,-157.2167,56.6667
gv,117,gv117,-161.1729,54.09536
gv,119,gv119,-160.9769,54.21631
gv,121,gv121,-160.7803,54.33727
gv,123,gv123,-160.5831,54.45823
gv,125,gv125,-160.3854,54.57918
gv,127,gv127,-160.187,54.70014
gv,129,gv129,-159.9881,54.82109
gv,131,gv131,-159.7886,54.94205
gv,137,gv137,-159.1863,55.30492
gv,139,gv139,-158.9844,55.42588
gv,141,gv141,-158.7818,55.54683
gv,143,gv143,-158.5786,55.66779
gv,145,gv145,-158.3747,55.78875
gv,147,gv147,-158.1702,55.9097
gv,149,gv149,-157.9651,56.03066
gv,151,gv151,-157.7594,56.15162
gv,153,gv153,-157.553,56.27257
gv,155,gv155,-157.3459,56.39353
gv,159,gv159,-156.9298,56.63544
gv,161,gv161,-156.7208,56.7564
gv,163,gv163,-156.5111,56.87735
gv,165,gv165,-156.3007,56.99831
gv,167,gv167,-156.0896,57.11927
gv,169,gv169,-155.8778,57.24022
gv,171,gv171,-155.6653,57.36118
gv,173,gv173,-155.4521,57.48214
gv,175,gv175,-155.2383,57.60309
gv,177,gv177,-155.0237,57.72405
gv,179,gv179,-154.8083,57.84501
gv,189,gv189,-153.7208,58.44979
gv,191,gv191,-153.5011,58.57074
gv,193,gv193,-153.2805,58.6917
gv,195,gv195,-153.0593,58.81266
gv,197,gv197,-152.8372,58.93361
gv,199,gv199,-152.6144,59.05457
gv,201,gv201,-152.3908,59.17553
gv,203,gv203,-152.1664,59.29648
gv,205,gv205,-151.9412,59.41744
gv,207,gv207,-151.7151,59.53839
gx,119,gx119,-160.7429,54.10153
gx,121,gx121,-160.5468,54.22248
gx,123,gx123,-160.3502,54.34344
gx,125,gx125,-160.153,54.4644
gx,127,gx127,-159.9552,54.58535
gx,129,gx129,-159.7568,54.70631
gx,135,gx135,-159.1581,55.06918
gx,137,gx137,-158.9574,55.19014
gx,139,gx139,-158.756,55.31109
gx,141,gx141,-158.554,55.43205
gx,143,gx143,-158.3513,55.55301
gx,145,gx145,-158.1481,55.67396
gx,147,gx147,-157.9442,55.79492
gx,149,gx149,-157.7397,55.91587
gx,151,gx151,-157.5346,56.03683
gx,153,gx153,-157.3288,56.15779
gx,155,gx155,-157.1224,56.27874
gx,157,gx157,-156.9153,56.3997
gx,159,gx159,-156.7075,56.52066
gx,161,gx161,-156.4991,56.64161
gx,163,gx163,-156.29,56.76257
gx,165,gx165,-156.0803,56.88353
gx,167,gx167,-155.8698,57.00448
gx,169,gx169,-155.6587,57.12544
gx,171,gx171,-155.4469,57.2464
gx,173,gx173,-155.2344,57.36735
gx,175,gx175,-155.0212,57.48831
gx,177,gx177,-154.8073,57.60926
gx,179,gx179,-154.5927,57.73022
gx,181,gx181,-154.3773,57.85118
gx,183,gx183,-154.1612,57.97213
gx,185,gx185,-153.9444,58.09309
gx,187,gx187,-153.7269,58.21405
gx,189,gx189,-153.5086,58.335
gx,191,gx191,-153.2895,58.45596
gx,193,gx193,-153.0697,58.57692
gx,195,gx195,-152.8492,58.69787
gx,197,gx197,-152.6279,58.81883
gx,199,gx199,-152.4058,58.93979
gx,201,gx201,-152.1829,59.06074
gx,203,gx203,-151.9593,59.1817
gz,121,gz121,-160.3141,54.1077
gz,123,gz123,-160.118,54.22866
gz,125,gz125,-159.9214,54.34961
gz,127,gz127,-159.7241,54.47057
gz,129,gz129,-159.5263,54.59153
gz,131,gz131,-159.3279,54.71248
gz,133,gz133,-159.1289,54.83344
gz,135,gz135,-158.9293,54.9544
gz,137,gz137,-158.7291,55.07535
gz,139,gz139,-158.5283,55.19631
gz,141,gz141,-158.3269,55.31726
gz,143,gz143,-158.1249,55.43822
gz,145,gz145,-157.9222,55.55918
gz,147,gz147,-157.7189,55.68013
gz,149,gz149,-157.515,55.80109
gz,151,gz151,-157.3105,55.92205
gz,153,gz153,-157.1053,56.043
gz,155,gz155,-156.8995,56.16396
gz,157,gz157,-156.693,56.28492
gz,159,gz159,-156.4859,56.40587
gz,161,gz161,-156.2781,56.52683
gz,163,gz163,-156.0697,56.64779
gz,165,gz165,-155.8606,56.76874
gz,167,gz167,-155.6508,56.8897
gz,169,gz169,-155.4403,57.01065
gz,171,gz171,-155.2291,57.13161
gz,173,gz173,-155.0173,57.25257
gz,175,gz175,-154.8047,57.37352
gz,181,gz181,-154.1629,57.73639
gz,183,gz183,-153.9475,57.85735
gz,185,gz185,-153.7314,57.97831
gz,187,gz187,-153.5145,58.09926
gz,189,gz189,-153.297,58.22022
gz,191,gz191,-153.0786,58.34118
gz,193,gz193,-152.8596,58.46213
gz,197,gz197,-152.4191,58.70404
gz,199,gz199,-152.1978,58.825
gz,203,gz203,-151.7527,59.06691
hb,121,hb121,-160.0964887,53.98645551
hb,123,hb123,-159.8974705,54.10958321
hb,125,hb125,-159.6984523,54.23234633
hb,127,hb127,-159.4994341,54.3547454
hb,129,hb129,-159.300416,54.47678093
hb,131,hb131,-159.1013978,54.59845346
hb,133,hb133,-158.9023796,54.71976351
hb,135,hb135,-158.7012,54.83961
hb,137,hb137,-158.5016,54.96057
hb,139,hb139,-158.3014,55.08152
hb,141,hb141,-158.1006,55.20248
hb,143,hb143,-157.8991,55.32344
hb,145,hb145,-157.6971,55.44439
hb,147,hb147,-157.4944,55.56535
hb,149,hb149,-157.2911,55.68631
hb,151,hb151,-157.0871,55.80726
hb,153,hb153,-156.8826,55.92822
hb,157,hb157,-156.4715,56.17013
hb,159,hb159,-156.265,56.29109
hb,161,hb161,-156.0578,56.41204
hb,163,hb163,-155.85,56.533
hb,165,hb165,-155.6415,56.65396
hb,167,hb167,-155.4324,56.77491
hb,169,hb169,-155.2225,56.89587
hb,171,hb171,-155.012,57.01683
hb,173,hb173,-154.8008,57.13778
hb,199,hb199,-151.9903,58.71022
hb,201,hb201,-151.7689,58.83117
hb,203,hb203,-151.5468,58.95213
hb,205,hb205,-151.3238,59.07309
hd,121,hd121,-159.8788774,53.86485702
hd,123,hd123,-159.6798592,53.98834422
hd,125,hd125,-159.480841,54.11146633
hd,127,hd127,-159.2818228,54.23422388
hd,129,hd129,-159.0828047,54.35661737
hd,131,hd131,-158.8837865,54.47864734
hd,133,hd133,-158.6847683,54.60031431
hd,135,hd135,-158.4857501,54.72161881
hd,137,hd137,-158.2867319,54.84256138
hd,139,hd139,-158.0877138,54.96314257
hd,141,hd141,-157.8886956,55.08336291
hd,143,hd143,-157.674,55.20865
hd,145,hd145,-157.4726,55.32961
hd,147,hd147,-157.2705,55.45057
hd,149,hd149,-157.0678,55.57152
hd,151,hd151,-156.8644,55.69248
hd,153,hd153,-156.6605,55.81343
hd,155,hd155,-156.4559,55.93439
hd,157,hd157,-156.2506,56.05535
hd,159,hd159,-156.0447,56.1763
hd,161,hd161,-155.8382,56.29726
hd,163,hd163,-155.631,56.41822
hd,165,hd165,-155.4231,56.53917
hd,167,hd167,-155.2146,56.66013
hd,169,hd169,-155.0054,56.78109
hd,171,hd171,-154.7956,56.90204
hd,173,hd173,-154.5851,57.023
hd,197,hd197,-152.0034,58.47448
hd,199,hd199,-151.7835,58.59543
hd,201,hd201,-151.5629,58.71639
hd,203,hd203,-151.3414,58.83735
hd,205,hd205,-151.1192,58.9583
hd,207,hd207,-150.8962,59.07926
hd,209,hd209,-150.6781058,59.19703376
hd,211,hd211,-150.4600115,59.31440285
hd,213,hd213,-150.2419173,59.43136817
hd,215,hd215,-150.023823,59.54793064
hd,217,hd217,-149.8057288,59.66409115
hd,219,hd219,-149.5876345,59.77985061
hd,221,hd221,-149.3695403,59.89520995
hd,223,hd223,-149.151446,60.01017007
hd,231,hd231,-148.279069,60.46603687
hd,233,hd233,-148.0609748,60.57901479
hd,235,hd235,-147.8428805,60.69159906
hd,237,hd237,-147.6247863,60.80379063
hf,121,hf121,-159.6612661,53.74290407
hf,123,hf123,-159.4622479,53.86675124
hf,125,hf125,-159.2632297,53.99023284
hf,127,hf127,-159.0642115,54.11334937
hf,129,hf129,-158.8651934,54.23610133
hf,131,hf131,-158.6661752,54.35848926
hf,133,hf133,-158.467157,54.48051366
hf,135,hf135,-158.2681388,54.60217507
hf,137,hf137,-158.0691206,54.72347403
hf,139,hf139,-157.8701024,54.84441106
hf,141,hf141,-157.6710843,54.96498671
hf,143,hf143,-157.4497,55.09387
hf,145,hf145,-157.2488,55.21482
hf,147,hf147,-157.0473,55.33578
hf,149,hf149,-156.8452,55.45674
hf,151,hf151,-156.6424,55.57769
hf,153,hf153,-156.439,55.69865
hf,155,hf155,-156.235,55.81961
hf,157,hf157,-156.0304,55.94056
hf,159,hf159,-155.8251,56.06152
hf,161,hf161,-155.6192,56.18248
hf,163,hf163,-155.4126,56.30343
hf,165,hf165,-155.2054,56.42439
hf,167,hf167,-154.9975,56.54535
hf,169,hf169,-154.789,56.6663
hf,171,hf171,-154.5798,56.78726
hf,173,hf173,-154.3699,56.90821
hf,191,hf191,-152.4495,57.99682
hf,197,hf197,-151.7964,58.35969
hf,199,hf199,-151.5772,58.48065
hf,201,hf201,-151.3573,58.6016
hf,203,hf203,-151.1366,58.72256
hf,205,hf205,-150.9151,58.84352
hf,207,hf207,-150.6929,58.96447
hf,209,hf209,-150.4699,59.08543
hf,211,hf211,-150.246,59.20639
hf,213,hf213,-150.0214,59.32734
hf,215,hf215,-149.796,59.4483
hf,217,hf217,-149.573935,59.56666539
hf,219,hf219,-149.350142,59.68583043
hf,221,hf221,-149.126349,59.80457309
hf,223,hf223,-148.902556,59.92289435
hf,233,hf233,-147.783591,60.50821453
hf,235,hf235,-147.559798,60.62402837
hf,237,hf237,-147.336005,60.73942783
hf,239,hf239,-147.112212,60.85441393
hf,241,hf241,-146.888419,60.96898768
hh,121,hh121,-159.4436548,53.62059616
hh,123,hh123,-159.2446366,53.74480381
hh,125,hh125,-159.0456184,53.86864538
hh,127,hh127,-158.8466002,53.99212138
hh,129,hh129,-158.6475821,54.11523232
hh,131,hh131,-158.4485639,54.2379787
hh,133,hh133,-158.2495457,54.36036106
hh,135,hh135,-158.0505275,54.48237989
hh,137,hh137,-157.8515093,54.60403575
hh,139,hh139,-157.6524911,54.72532916
hh,141,hh141,-157.453473,54.84626065
hh,143,hh143,-157.226,54.97908
hh,145,hh145,-157.0257,55.10004
hh,147,hh147,-156.8248,55.221
hh,149,hh149,-156.6232,55.34195
hh,151,hh151,-156.4211,55.46291
hh,153,hh153,-156.2183,55.58387
hh,155,hh155,-156.0149,55.70482
hh,157,hh157,-155.8109,55.82578
hh,159,hh159,-155.6062,55.94674
hh,161,hh161,-155.4009,56.06769
hh,163,hh163,-155.1949,56.18865
hh,165,hh165,-154.9883,56.3096
hh,171,hh171,-154.3646,56.67247
hh,173,hh173,-154.1553,56.79343
hh,193,hh193,-152.0247,58.00299
hh,195,hh195,-151.8077,58.12395
hh,197,hh197,-151.59,58.24491
hh,199,hh199,-151.3715,58.36586
hh,201,hh201,-151.1523,58.48682
hh,203,hh203,-150.9323,58.60778
hh,205,hh205,-150.7115,58.72873
hh,207,hh207,-150.49,58.84969
hh,209,hh209,-150.2677,58.97065
hh,211,hh211,-150.0424285,59.09265991
hh,213,hh213,-149.8186427,59.21350351
hh,215,hh215,-149.5948569,59.33392084
hh,217,hh217,-149.3710711,59.45391287
hh,219,hh219,-149.1472854,59.57348058
hh,221,hh221,-148.9234996,59.69262494
hh,223,hh223,-148.6997138,59.81134695
hh,225,hh225,-148.475928,59.92964759
hh,233,hh233,-147.5807849,60.39865641
hh,235,hh235,-147.3569992,60.51486519
hh,237,hh237,-147.1332134,60.63065861
hh,239,hh239,-146.9094276,60.74603768
hj,121,hj121,-159.2260435,53.49793282
hj,123,hj123,-159.0270253,53.62250142
hj,125,hj125,-158.8280071,53.74670346
hj,127,hj127,-158.6289889,53.87053943
hj,129,hj129,-158.4299707,53.99400984
hj,131,hj131,-158.2309526,54.11711518
hj,133,hj133,-158.0319344,54.23985599
hj,135,hj135,-157.8329162,54.36223277
hj,137,hj137,-157.633898,54.48424605
hj,139,hj139,-157.4348798,54.60589635
hj,141,hj141,-157.2358617,54.7271842
hj,143,hj143,-156.984716,54.859004
hj,145,hj145,-156.8033,54.98526
hj,147,hj147,-156.603,55.10621
hj,149,hj149,-156.402,55.22717
hj,151,hj151,-156.2004,55.34813
hj,153,hj153,-155.9982,55.46908
hj,155,hj155,-155.7954,55.59004
hj,157,hj157,-155.592,55.71099
hj,159,hj159,-155.3879,55.83195
hj,161,hj161,-155.1832,55.95291
hj,163,hj163,-154.9779,56.07386
hj,165,hj165,-154.7719,56.19482
hj,167,hj167,-154.5653,56.31578
hj,169,hj169,-154.358,56.43673
hj,173,hj173,-153.9414,56.67865
hj,191,hj191,-152.033,57.76725
hj,193,hj193,-151.8175,57.88821
hj,195,hj195,-151.6012,58.00917
hj,197,hj197,-151.3841,58.13012
hj,199,hj199,-151.1664,58.25108
hj,201,hj201,-150.9479,58.37204
hj,203,hj203,-150.7286,58.49299
hj,205,hj205,-150.5086,58.61395
hj,207,hj207,-150.2878,58.73491
hj,209,hj209,-150.0639804,58.8569958
hj,211,hj211,-149.8439,58.97682
hj,213,hj213,-149.6133148,59.10151762
hj,215,hj215,-149.3925215,59.22068306
hj,217,hj217,-149.1687019,59.34105866
hj,219,hj219,-148.9448823,59.46100913
hj,221,hj221,-148.7210627,59.58053545
hj,223,hj223,-148.497243,59.6996386
hj,225,hj225,-148.2734234,59.81831957
hj,227,hj227,-148.0496038,59.93657935
hj,231,hj231,-147.6019646,60.1718393
hj,233,hj233,-147.3781449,60.28884147
hj,235,hj235,-147.1543253,60.40542643
hj,237,hj237,-146.9305057,60.52159521
hj,239,hj239,-146.7066861,60.63734879
hl,121,hl121,-159.0084322,53.37491359
hl,123,hl123,-158.809414,53.49984362
hl,125,hl125,-158.6103958,53.6244066
hl,127,hl127,-158.4113776,53.74860303
hl,129,hl129,-158.2123594,53.87243339
hl,131,hl131,-158.0133413,53.9958982
hl,133,hl133,-157.8143231,54.11899797
hl,135,hl135,-157.6153049,54.24173319
hl,137,hl137,-157.4162867,54.3641044
hl,139,hl139,-157.2172685,54.48611211
hl,141,hl141,-157.0182504,54.60775686
hl,143,hl143,-156.7897038,54.72502118
hl,145,hl145,-156.5794975,54.87037604
hl,147,hl147,-156.3759665,54.99360111
hl,149,hl149,-156.1802269,55.11175316
hl,151,hl151,-155.9823922,55.23081583
hl,153,hl153,-155.7821477,55.35096695
hl,155,hl155,-155.5840602,55.46946621
hl,157,hl157,-155.3755964,55.59378928
hl,159,hl159,-155.1718579,55.71491483
hl,161,hl161,-154.9693382,55.83494474
hl,163,hl163,-154.7711253,55.95206443
hl,165,hl165,-154.5561,56.08004
hl,167,hl167,-154.3501,56.20099
hl,169,hl169,-154.1434,56.32195
hl,173,hl173,-153.7281,56.56386
hl,175,hl175,-153.5195,56.68482
hl,177,hl177,-153.3102,56.80577
hl,179,hl179,-153.1002,56.92673
hl,181,hl181,-152.8895,57.04769
hl,183,hl183,-152.6781,57.16864
hl,185,hl185,-152.466,57.2896
hl,187,hl187,-152.2533,57.41056
hl,189,hl189,-152.0398,57.53151
hl,191,hl191,-151.8257,57.65247
hl,193,hl193,-151.6108,57.77343
hl,195,hl195,-151.3952,57.89438
hl,197,hl197,-151.1788,58.01534
hl,199,hl199,-150.9617,58.1363
hl,201,hl201,-150.7439,58.25725
hl,203,hl203,-150.5254,58.37821
hl,205,hl205,-150.3061,58.49916
hl,207,hl207,-150.086,58.62012
hl,209,hl209,-149.8652,58.74108
hl,211,hl211,-149.6436,58.86203
hl,213,hl213,-149.4212,58.98299
hl,215,hl215,-149.1904615,59.10737226
hl,217,hl217,-148.9665769,59.22811596
hl,219,hl219,-148.7426923,59.34843384
hl,221,hl221,-148.5188076,59.46832687
hl,223,hl223,-148.294923,59.58779604
hl,225,hl225,-148.0710384,59.70684232
hl,235,hl235,-146.9516153,60.29576502
hl,237,hl237,-146.7277307,60.41229479
hl,239,hl239,-146.5038461,60.52840865
hl,241,hl241,-146.2799614,60.6441076
hn,121,hn121,-158.7908209,53.251538
hn,123,hn123,-158.5918027,53.37682992
hn,125,hn125,-158.3927845,53.50175433
hn,127,hn127,-158.1937663,53.62631169
hn,129,hn129,-157.9947481,53.75050251
hn,131,hn131,-157.79573,53.87432727
hn,133,hn133,-157.5967118,53.99778649
hn,135,hn135,-157.3976936,54.12088066
hn,137,hn137,-157.1986754,54.24361031
hn,139,hn139,-156.9996572,54.36597594
hn,141,hn141,-156.800639,54.48797809
hn,143,hn143,-156.6016209,54.60961728
hn,145,hn145,-156.3562251,54.75481342
hn,147,hn147,-156.1592188,54.87443602
hn,149,hn149,-155.9500158,55.00107694
hn,151,hn151,-155.7476334,55.1232098
hn,153,hn153,-155.545251,55.24497029
hn,155,hn155,-155.3428686,55.36635899
hn,157,hn157,-155.1404862,55.4873765
hn,159,hn159,-154.9381038,55.60802341
hn,161,hn161,-154.7357214,55.72830032
hn,163,hn163,-154.533339,55.84820784
hn,165,hn165,-154.3309566,55.96774659
hn,167,hn167,-154.1285742,56.08691717
hn,169,hn169,-153.9261918,56.20572021
hn,171,hn171,-153.7228,56.32812
hn,173,hn173,-153.5155,56.44908
hn,175,hn175,-153.3075,56.57003
hn,177,hn177,-153.0988,56.69099
hn,179,hn179,-152.8894,56.81195
hn,181,hn181,-152.6794,56.9329
hn,183,hn183,-152.4687,57.05386
hn,185,hn185,-152.2573,57.17482
hn,187,hn187,-152.0452,57.29577
hn,189,hn189,-151.8324,57.41673
hn,191,hn191,-151.6189,57.53769
hn,193,hn193,-151.4047,57.65864
hn,195,hn195,-151.1897,57.7796
hn,197,hn197,-150.9741,57.90055
hn,199,hn199,-150.7577,58.02151
hn,201,hn201,-150.5406,58.14247
hn,203,hn203,-150.3228,58.26342
hn,205,hn205,-150.1042,58.38438
hn,207,hn207,-149.8848,58.50534
hn,209,hn209,-149.6647,58.62629
hn,211,hn211,-149.4439,58.74725
hn,213,hn213,-149.2223,58.86821
hn,215,hn215,-148.9796622,58.99897129
hn,217,hn217,-148.7533777,59.12128638
hn,219,hn219,-148.5270933,59.24316636
hn,221,hn221,-148.3008088,59.36461223
hn,223,hn223,-148.0745244,59.48562498
hn,225,hn225,-147.8482399,59.60620563
hn,227,hn227,-147.6219555,59.72635519
hn,229,hn229,-147.395671,59.84607467
hn,231,hn231,-147.1693866,59.96536509
hn,233,hn233,-146.9431021,60.08422747
hn,235,hn235,-146.7168177,60.20266284
hn,239,hn239,-146.2642488,60.43825667
hp,121,hp121,-158.5732096,53.12780558
hp,123,hp123,-158.3741914,53.25345988
hp,125,hp125,-158.1751732,53.37874617
hp,127,hp127,-157.976155,53.50366495
hp,129,hp129,-157.7771368,53.6282167
hp,131,hp131,-157.5781186,53.7524019
hp,133,hp133,-157.3791005,53.87622106
hp,135,hp135,-157.1800823,53.99967468
hp,137,hp137,-156.9810641,54.12276327
hp,139,hp139,-156.7820459,54.24548734
hp,141,hp141,-156.5830277,54.3678474
hp,143,hp143,-156.3840096,54.48984399
hp,145,hp145,-156.1329526,54.63891999
hp,147,hp147,-155.9370142,54.75823547
hp,149,hp149,-155.7365859,54.87992536
hp,151,hp151,-155.5239091,55.00864566
hp,153,hp153,-155.3214487,55.13080245
hp,155,hp155,-155.1189883,55.25258662
hp,157,hp157,-154.9165278,55.37399875
hp,159,hp159,-154.7140674,55.49503944
hp,161,hp161,-154.511607,55.61570929
hp,163,hp163,-154.3091466,55.73600889
hp,165,hp165,-154.1066862,55.85593886
hp,167,hp167,-153.9042258,55.9754998
hp,169,hp169,-153.7017654,56.09469234
hp,171,hp171,-153.499305,56.21351709
hp,173,hp173,-153.2968446,56.33197468
hp,175,hp175,-153.0943842,56.45006574
hp,177,hp177,-152.8833224,56.57278432
hp,179,hp179,-152.6757418,56.69309156
hp,181,hp181,-152.4628766,56.81606365
hp,183,hp183,-152.2500115,56.93863348
hp,185,hp185,-152.0371463,57.06080181
hp,187,hp187,-151.8242811,57.1825694
hp,189,hp189,-151.6114159,57.30393703
hp,191,hp191,-151.3985507,57.42490545
hp,193,hp193,-151.1856855,57.54547545
hp,195,hp195,-150.9728203,57.6656478
hp,197,hp197,-150.7599551,57.7854233
hp,199,hp199,-150.5472872,57.90469227
hp,201,hp201,-150.3306084,58.02580482
hp,203,hp203,-150.1139297,58.14650864
hp,205,hp205,-149.897251,58.26680458
hp,207,hp207,-149.6805723,58.38669348
hp,209,hp209,-149.4653973,58.5053484
hp,211,hp211,-149.2372249,58.63073391
hp,213,hp213,-148.9987891,58.76096217
hp,215,hp215,-148.7715281,58.88483092
hp,217,hp217,-148.544267,59.00825758
hp,219,hp219,-148.317006,59.13124317
hp,221,hp221,-148.0897449,59.2537887
hp,223,hp223,-147.8624839,59.37589519
hp,225,hp225,-147.6352228,59.49756366
hp,227,hp227,-147.4079618,59.61879513
hp,229,hp229,-147.1807007,59.73959062
hp,231,hp231,-146.9534397,59.85995118
hp,233,hp233,-146.7261786,59.97987785
hp,235,hp235,-146.4989176,60.09937165
hp,237,hp237,-146.2716566,60.21843363
hp,239,hp239,-146.0443955,60.33706485
hp,241,hp241,-145.8171345,60.45526636
hr,121,hr121,-158.3555983,53.0037159
hr,123,hr123,-158.1565801,53.12973302
hr,125,hr125,-157.9575619,53.25538167
hr,127,hr127,-157.7585437,53.38066234
hr,129,hr129,-157.5595255,53.50557549
hr,131,hr131,-157.3605073,53.63012162
hr,133,hr133,-157.1614892,53.75430121
hr,135,hr135,-156.962471,53.87811477
hr,137,hr137,-156.7634528,54.00156279
hr,139,hr139,-156.5644346,54.12464579
hr,141,hr141,-156.3654164,54.24736428
hr,143,hr143,-156.1316476,54.37258346
hr,145,hr145,-155.9203799,54.51987249
hr,147,hr147,-155.7148097,54.64170038
hr,149,hr149,-155.5147654,54.76350699
hr,151,hr151,-155.3019978,54.89265454
hr,153,hr153,-155.100366,55.01466404
hr,155,hr155,-154.8987341,55.13630341
hr,157,hr157,-154.6971023,55.25757322
hr,159,hr159,-154.4954704,55.37847406
hr,161,hr161,-154.2938385,55.49900651
hr,163,hr163,-154.0922067,55.61917117
hr,165,hr165,-153.8905748,55.73896862
hr,167,hr167,-153.688943,55.85839948
hr,169,hr169,-153.4873111,55.97746434
hr,171,hr171,-153.2856793,56.09616381
hr,173,hr173,-153.0840474,56.2144985
hr,175,hr175,-152.8824156,56.33246904
hr,177,hr177,-152.6704786,56.45607701
hr,179,hr179,-152.4641063,56.57605425
hr,181,hr181,-152.2508133,56.69965613
hr,183,hr183,-152.0375204,56.82285342
hr,185,hr185,-151.8242274,56.94564688
hr,187,hr187,-151.6109345,57.06803726
hr,189,hr189,-151.3976416,57.19002535
hr,191,hr191,-151.1843486,57.3116119
hr,193,hr193,-150.9710557,57.43279769
hr,195,hr195,-150.7577627,57.55358351
hr,197,hr197,-150.5444698,57.67397013
hr,199,hr199,-150.3311768,57.79395836
hr,201,hr201,-150.1178839,57.91354898
hr,203,hr203,-149.9045909,58.03274279
hr,205,hr205,-149.691298,58.15154059
hr,207,hr207,-149.478005,58.26994319
hr,209,hr209,-149.2644128,58.38811669
hr,211,hr211,-149.0353782,58.51439552
hr,123,hr123,-148.7970459,58.64531985
hr,215,hr215,-148.5597801,58.77474593
hr,217,hr217,-148.3302239,58.89981414
hr,219,hr219,-148.1006676,59.02443142
hr,221,hr221,-147.8711114,59.1485988
hr,223,hr223,-147.6415552,59.27231734
hr,225,hr225,-147.4119989,59.39558807
hr,227,hr227,-147.1824427,59.51841206
hr,229,hr229,-146.9528865,59.64079035
hr,231,hr231,-146.7233302,59.76272401
hr,233,hr233,-146.493774,59.88421411
hr,235,hr235,-146.2642178,60.0052617
hr,237,hr237,-146.0346615,60.12586788
hr,239,hr239,-145.8051053,60.2460337
hr,241,hr241,-145.5755491,60.36576026
ht,121,ht121,-158.1379869,52.8792685
ht,123,ht123,-157.9389688,53.0056489
ht,125,ht125,-157.7399506,53.13166037
ht,127,ht127,-157.5409324,53.25730338
ht,129,ht129,-157.3419142,53.38257841
ht,131,ht131,-157.142896,53.50748594
ht,133,ht133,-156.9438779,53.63202645
ht,135,ht135,-156.7448597,53.75620043
ht,137,ht137,-156.5458415,53.88000839
ht,139,ht139,-156.3468233,54.00345082
ht,141,ht141,-156.1478051,54.12652823
ht,143,ht143,-155.9150479,54.26566768
ht,145,ht145,-155.700674,54.40236433
ht,147,ht147,-155.4926052,54.52483081
ht,149,ht149,-155.2810727,54.65398859
ht,151,ht151,-155.0800866,54.77632844
ht,153,ht153,-154.8792833,54.89818826
ht,155,ht155,-154.67848,55.01968045
ht,157,ht157,-154.4776767,55.14080556
ht,159,ht159,-154.2768734,55.26156417
ht,161,ht161,-154.0760701,55.38195686
ht,163,ht163,-153.8752667,55.50198419
ht,165,ht165,-153.6744634,55.62164676
ht,167,ht167,-153.4736601,55.74094516
ht,169,ht169,-153.2728568,55.85987996
ht,171,ht171,-153.0720535,55.97845178
ht,173,ht173,-152.8712502,56.09666122
ht,175,ht175,-152.6704469,56.21450887
ht,177,ht177,-152.4576349,56.33901003
ht,179,ht179,-152.2524707,56.45865358
ht,181,ht181,-152.0398255,56.58226331
ht,183,ht183,-151.8271803,56.70547019
ht,185,ht185,-151.6145351,56.82827497
ht,187,ht187,-151.4018899,56.9506784
ht,189,ht189,-151.1892447,57.07268124
ht,191,ht191,-150.9765995,57.19428424
ht,193,ht193,-150.7639543,57.31548817
ht,195,ht195,-150.5513091,57.4362938
ht,197,ht197,-150.3386638,57.5567019
ht,199,ht199,-150.1260186,57.67671326
ht,201,ht201,-149.9133734,57.79632864
ht,203,ht203,-149.7007282,57.91554885
ht,205,ht205,-149.488083,58.03437466
ht,207,ht207,-149.2754378,58.15280688
ht,209,ht209,-149.0608384,58.27182185
ht,211,ht211,-148.8335314,58.39767014
ht,213,ht213,-148.5929096,58.53028957
ht,215,ht215,-148.372172,58.65108538
ht,217,ht217,-148.1426165,58.77659924
ht,219,ht219,-147.913061,58.90166113
ht,221,ht221,-147.6835055,59.02627212
ht,223,ht223,-147.45395,59.15043322
ht,225,ht225,-147.2243945,59.27414548
ht,227,ht227,-146.9948391,59.39740996
ht,229,ht229,-146.7652836,59.5202277
ht,231,ht231,-146.5357281,59.64259976
ht,233,ht233,-146.3061726,59.7645272
ht,235,ht235,-146.0766171,59.88601109
ht,237,ht237,-145.8470617,60.00705249
ht,239,ht239,-145.6175062,60.12765249
ht,241,ht241,-145.3879507,60.24781215
hv,121,hv121,-157.9203756,52.75446293
hv,123,hv123,-157.7213575,52.88120706
hv,125,hv125,-157.5223393,53.00758181
hv,127,hv127,-157.3233211,53.13358763
hv,129,hv129,-157.1243029,53.25922501
hv,131,hv131,-156.9252847,53.3844944
hv,133,hv133,-156.7262666,53.50939631
hv,135,hv135,-156.5272484,53.6339312
hv,137,hv137,-156.3282302,53.75809957
hv,139,hv139,-156.129212,53.88190192
hv,141,hv141,-155.9301938,54.00533876
hv,143,hv143,-155.6974375,54.14488467
hv,145,hv145,-155.4809681,54.28451854
hv,147,hv147,-155.2688415,54.40858184
hv,149,hv149,-155.0581501,54.53759344
hv,151,hv151,-154.8581753,54.65966688
hv,153,hv153,-154.6582006,54.78137463
hv,155,hv155,-154.4582258,54.90271724
hv,157,hv157,-154.2582511,55.02369526
hv,159,hv159,-154.0582763,55.14430926
hv,161,hv161,-153.8583016,55.26455978
hv,163,hv163,-153.6583268,55.38444741
hv,165,hv165,-153.458352,55.50397271
hv,167,hv167,-153.2583773,55.62313626
hv,169,hv169,-153.0584025,55.74193863
hv,171,hv171,-152.8584278,55.86038042
hv,173,hv173,-152.658453,55.97846222
hv,175,hv175,-152.4584783,56.09618461
hv,177,hv177,-152.2447911,56.22158276
hv,179,hv179,-152.0408352,56.34088891
hv,181,hv181,-151.8288377,56.46450482
hv,183,hv183,-151.6168402,56.58771963
hv,185,hv185,-151.4048427,56.71053408
hv,187,hv187,-151.1928453,56.83294891
hv,189,hv189,-150.9808478,56.95496485
hv,191,hv191,-150.7688503,57.07658267
hv,193,hv193,-150.5568529,57.19780311
hv,195,hv195,-150.3448554,57.31862693
hv,197,hv197,-150.1328579,57.43905488
hv,199,hv199,-149.9208605,57.55908775
hv,201,hv201,-149.708863,57.67872629
hv,203,hv203,-149.4968655,57.79797129
hv,205,hv205,-149.284868,57.91682353
hv,207,hv207,-149.0728706,58.03528378
hv,209,hv209,-148.8624439,58.15247942
hv,211,hv211,-148.6316847,58.28055698
hv,213,hv213,-148.3887733,58.41488074
hv,215,hv215,-148.1546486,58.5434365
hv,217,hv217,-147.9250932,58.6693375
hv,219,hv219,-147.6955377,58.79478566
hv,221,hv221,-147.4659822,58.91978203
hv,223,hv223,-147.2364267,59.04432762
hv,225,hv225,-147.0068712,59.16842349
hv,227,hv227,-146.7773158,59.29207067
hv,229,hv229,-146.5477603,59.41527022
hv,231,hv231,-146.3182048,59.53802318
hv,233,hv233,-146.0886493,59.66033062
hv,235,hv235,-145.8590938,59.78219359
hv,237,hv237,-145.6295383,59.90361317
hv,239,hv239,-145.3999829,60.02459042
hv,241,hv241,-145.1704274,60.14512641
hx,121,hx121,-157.7027643,52.62929877
hx,123,hx123,-157.5037462,52.75640707
hx,125,hx125,-157.304728,52.88314554
hx,127,hx127,-157.1057098,53.00951463
hx,129,hx129,-156.9066916,53.13551481
hx,131,hx131,-156.7076734,53.26114654
hx,133,hx133,-156.5086552,53.38641031
hx,135,hx135,-156.3096371,53.51130658
hx,137,hx137,-156.1106189,53.63583586
hx,139,hx139,-155.9116007,53.75999862
hx,141,hx141,-155.7125825,53.88379537
hx,143,hx143,-155.4798271,54.0237483
hx,145,hx145,-155.2551616,54.16259104
hx,147,hx147,-155.0474165,54.29056387
hx,149,hx149,-154.8354103,54.4207529
hx,151,hx151,-154.6362641,54.54266936
hx,153,hx153,-154.4371179,54.66422264
hx,155,hx155,-154.2379717,54.78541327
hx,157,hx157,-154.0388255,54.90624181
hx,159,hx159,-153.8396793,55.02670878
hx,161,hx161,-153.6405331,55.14681475
hx,163,hx163,-153.4413869,55.26656027
hx,165,hx165,-153.2422407,55.38594591
hx,167,hx167,-153.0430944,55.50497221
hx,169,hx169,-152.8439482,55.62363976
hx,171,hx171,-152.644802,55.74194913
hx,173,hx173,-152.4456558,55.8599009
hx,175,hx175,-152.2465096,55.97749564
hx,177,hx177,-152.0319474,56.10379459
hx,179,hx179,-151.8291996,56.22275961
hx,181,hx181,-151.6142465,56.34848418
hx,183,hx183,-151.403174,56.47153712
hx,185,hx185,-151.1921014,56.5941925
hx,187,hx187,-150.9810289,56.71645104
hx,189,hx189,-150.7699563,56.83831347
hx,191,hx191,-150.5588838,56.95978052
hx,193,hx193,-150.3478112,57.08085295
hx,195,hx195,-150.1367387,57.20153147
hx,197,hx197,-149.9256661,57.32181686
hx,199,hx199,-149.7145936,57.44170985
hx,201,hx201,-149.503521,57.56121121
hx,203,hx203,-149.2924485,57.68032169
hx,205,hx205,-149.0813759,57.79904206
hx,207,hx207,-148.8703034,57.91737309
hx,209,hx209,-148.6614595,58.03407225
hx,211,hx211,-148.429838,58.16305524
hx,213,hx213,-148.184637,58.29909259
hx,215,hx215,-147.9520829,58.42720595
hx,217,hx217,-147.7225278,58.55352464
hx,219,hx219,-147.4929727,58.67938956
hx,221,hx221,-147.2634176,58.80480173
hx,223,hx223,-147.0338625,58.92976218
hx,225,hx225,-146.8043074,59.05427194
hx,227,hx227,-146.5747522,59.17833205
hx,229,hx229,-146.3451971,59.30194357
hx,231,hx231,-146.115642,59.42510753
hx,233,hx233,-145.8860869,59.54782498
hx,235,hx235,-145.6565318,59.670097
hx,237,hx237,-145.4269767,59.79192464
hx,239,hx239,-145.1974216,59.91330896
hx,241,hx241,-144.9678665,60.03425104
hz,121,hz121,-157.485153,52.50377557
hz,123,hz123,-157.2861348,52.63124849
hz,125,hz125,-157.0871167,52.75835113
hz,127,hz127,-156.8880985,52.88508393
hz,129,hz129,-156.6890803,53.01144737
hz,131,hz131,-156.4900621,53.1374419
hz,133,hz133,-156.2910439,53.263068
hz,135,hz135,-156.0920258,53.38832613
hz,137,hz137,-155.8930076,53.51321678
hz,139,hz139,-155.6939894,53.63774043
hz,141,hz141,-155.4949712,53.76189759
hz,143,hz143,-155.2622167,53.90225808
hz,145,hz145,-155.0415563,54.04781224
hz,147,hz147,-154.8109882,54.18146008
hz,149,hz149,-154.6133612,54.30315366
hz,151,hz151,-154.4157342,54.42448856
hz,153,hz153,-154.2181073,54.5454653
hz,155,hz155,-154.0204803,54.66608438
hz,157,hz157,-153.8228533,54.78634634
hz,159,hz159,-153.6252263,54.9062517
hz,161,hz161,-153.4275994,55.025801
hz,163,hz163,-153.2299724,55.14499479
hz,165,hz165,-153.0323454,55.26383359
hz,167,hz167,-152.8347185,55.38231795
hz,169,hz169,-152.6370915,55.50044844
hz,171,hz171,-152.4394645,55.61822561
hz,173,hz173,-152.2418375,55.73565001
hz,175,hz175,-152.034541,55.85844135
hz,177,hz177,-151.8241157,55.98269034
hz,179,hz179,-151.6136904,56.10654141
hz,181,hz181,-151.4032651,56.22999525
hz,183,hz183,-151.1928398,56.35305257
hz,185,hz185,-150.9824145,56.47571407
hz,187,hz187,-150.7719892,56.59798047
hz,189,hz189,-150.5615639,56.71985248
hz,191,hz191,-150.3511386,56.84133084
hz,193,hz193,-150.1407132,56.96241626
hz,195,hz195,-149.9302879,57.08310947
hz,197,hz197,-149.7198626,57.20341122
hz,199,hz199,-149.5094373,57.32332224
hz,201,hz201,-149.299012,57.44284329
hz,203,hz203,-149.0885867,57.5619751
hz,205,hz205,-148.8781614,57.68071844
hz,207,hz207,-148.6677361,57.79907405
hz,209,hz209,-148.460475,57.91527165
hz,211,hz211,-148.2279913,58.04516413
hz,213,hz213,-147.9805006,58.18292434
hz,215,hz215,-147.7495172,58.31059045
hz,217,hz217,-147.5199624,58.43732771
hz,219,hz219,-147.2904077,58.56361025
hz,221,hz221,-147.0608529,58.68943909
hz,223,hz223,-146.8312982,58.81481526
hz,225,hz225,-146.6017434,58.9397398
hz,227,hz227,-146.3721887,59.06421373
hz,229,hz229,-146.142634,59.1882381
hz,231,hz231,-145.9130792,59.31181394
hz,233,hz233,-145.6835245,59.43494232
hz,235,hz235,-145.4539697,59.55762427
hz,237,hz237,-145.224415,59.67986087
hz,239,hz239,-144.9948603,59.80165318
hz,241,hz241,-144.7653055,59.92300225
B2,B2,B2,-161.036,55.345
B4,B4,B4,-161.639,55.363
B5,B5,B5,-161.588,55.476
B6,B6,B6,-161.523,55.559
B7,B7,B7,-153.132,57.308
B8,B8,B8,-153.001,57.316
B9,B9,B9,-152.561,57.404
B10,B10,B10,-152.723,57.457
B11,B11,B11,-152.881,57.486
B12,B12,B12,-152.362,57.646
B13,B13,B13,-152.419,57.724
B14,B14,B14,-152.262,57.875
B15,B15,B15,-152.689,57.92
B16,B16,B16,-152.854,57.825
B17,B17,B17,-152.237,58.159
B19,B19,B19,-156.367,57.358
B20,B20,B20,-157.8,56.583
B21,B21,B21,-157.317,56.783
