"","Station","Grid.ID","LAT","LON","Gear.Sampled","Mean_Z","BONGO_Time","CTD_Time","LINE8_Time","Total_Gear_Time","Total_Gear_Minutes"
"1",0,"DH",53.8746,-166.5423,"Port",NA,0,0,0,0,0
"2",1,"GF105",54.2879,-164.2684,"BONGO",69.3516483516484,0.375800765284588,0,0,0.375800765284588,22.5480459170753
"3",2,"GH105",54.1731,-164.0241,"BONGO",64.3928571428571,0.366805741463535,0,0,0.366805741463535,22.0083444878121
"4",3,"GJ105",54.0583,-163.7806,"BONGO",73.6,0.383507083753773,0,0,0.383507083753773,23.0104250252264
"5",4,"GJ107",54.1793,-163.5848,"BONGO",78.8571428571429,0.393043304021899,0,0,0.393043304021899,23.582598241314
"6",5,"GH107",54.2941,-163.8277,"BONGO",102.878378378378,0.436616742915957,0,0,0.436616742915957,26.1970045749574
"7",6,"GF107",54.4089,-164.0715,"BONGO",96.5409836065574,0.425120994348264,0,0,0.425120994348264,25.5072596608958
"8",7,"HD135",54.7216,-158.4858,"BONGO",169.464285714286,0.557400578615902,0,0,0.557400578615902,33.4440347169541
"9",8,"HB135",54.8396,-158.7012,"BONGO",93.3846153846154,0.419395484612333,0,0,0.419395484612333,25.16372907674
"10",9,"GZ135",54.9544,-158.9293,"BONGO",77.0595238095238,0.389782504066086,0,0,0.389782504066086,23.3869502439652
"11",10,"GX135",55.0692,-159.1581,"BONGO",65.3611111111111,0.368562110534657,0,0,0.368562110534657,22.1137266320794
"12",11,"GT135",55.2988,-159.618,"BONGO",121.827160493827,0.470988979884968,0,0,0.470988979884968,28.2593387930981
"13",12,"GR135",55.4135,-159.849,"BONGO",99.5512820512821,0.430581540089891,0,0,0.430581540089891,25.8348924053934
"14",13,"GT137",55.4197,-159.416,"BONGO",131,0.487628097442177,0,0,0.487628097442177,29.2576858465306
"15",14,"GV137",55.3049,-159.1863,"BONGO",174.808695652174,0.567095097436447,0,0,0.567095097436447,34.0257058461868
"16",15,"GX137",55.1901,-158.9574,"BONGO",167.276595744681,0.553432207583302,0,0,0.553432207583302,33.2059324549981
"17",16,"GZ137",55.0754,-158.7291,"BONGO",176.463768115942,0.570097324311975,0,0,0.570097324311975,34.2058394587185
"18",17,"HB137",54.9606,-158.5016,"BONGO",163.205882352941,0.546048116907642,0,0,0.546048116907642,32.7628870144585
"19",18,"HD137",54.8426,-158.2867,"BONGO",188.865384615385,0.592593297853731,0,0,0.592593297853731,35.5555978712239
"20",19,"HF137",54.7235,-158.0691,"BONGO",133.466666666667,0.4921025196332,0,0,0.4921025196332,29.526151177992
"21",20,"HF139",54.8444,-157.8701,"BONGO",130.285714285714,0.486332415340529,0,0,0.486332415340529,29.1799449204317
"22",21,"HD139",54.9631,-158.0877,"BONGO",106.923076923077,0.443953643831254,0,0,0.443953643831254,26.6372186298752
"23",22,"HB139",55.0815,-158.3014,"BONGO",165.711340206186,0.550592904563276,0,0,0.550592904563276,33.0355742737966
"24",23,"GZ139",55.1963,-158.5283,"BONGO",190.301204819277,0.595197811008846,0,0,0.595197811008846,35.7118686605308
"25",24,"GX139",55.3111,-158.756,"BONGO",177.937007874016,0.572769714852336,0,0,0.572769714852336,34.3661828911401
"26",25,"GV139",55.4259,-158.9844,"BONGO",150.861111111111,0.523655258101879,0,0,0.523655258101879,31.4193154861127
"27",26,"GT139",55.5407,-159.2135,"BONGO",87.2857142857143,0.408332352821341,0,0,0.408332352821341,24.4999411692805
"28",27,"GT141",55.6616,-159.0103,"BONGO",140.74358974359,0.50530253021337,0,0,0.50530253021337,30.3181518128022
"29",28,"GV141",55.5468,-158.7818,"BONGO",144.754716981132,0.512578534290131,0,0,0.512578534290131,30.7547120574079
"30",29,"GX141",55.4321,-158.554,"BONGO",141.175,0.506085088980147,0,0,0.506085088980147,30.3651053388088
"31",30,"GZ141",55.3173,-158.3269,"BONGO",192.517647058824,0.599218337363608,0,0,0.599218337363608,35.9531002418165
"32",31,"HB141",55.2025,-158.1006,"BONGO",94.4489795918367,0.421326193326436,0,0,0.421326193326436,25.2795715995862
"33",32,"HD141",55.0834,-157.8887,"BONGO",70.6760563380282,0.378203181697112,0,0,0.378203181697112,22.6921909018267
"34",33,"HF141",54.965,-157.6711,"BONGO",97.5925925925926,0.427028565665857,0,0,0.427028565665857,25.6217139399514
"35",34,"HH141",54.8463,-157.4535,"BONGO",245.625,0.612790988461339,0,0,0.612790988461339,36.7674593076803
"36",35,"HH143",54.9791,-157.226,"BONGO",276.218181818182,0.612790988461339,0,0,0.612790988461339,36.7674593076803
"37",36,"HF143",55.0939,-157.4497,"BONGO",74.3271028037383,0.384826015478179,0,0,0.384826015478179,23.0895609286907
"38",37,"HD143",55.2087,-157.674,"BONGO",73.2857142857143,0.382936983629048,0,0,0.382936983629048,22.9762190177429
"39",38,"HB143",55.3234,-157.8991,"BONGO",76.008,0.387875087254847,0,0,0.387875087254847,23.2725052352908
"40",39,"GZ143",55.4382,-158.1249,"BONGO",114.73,0.458115050530847,0,0,0.458115050530847,27.4869030318508
"41",40,"GX143",55.553,-158.3513,"BONGO",132.795454545455,0.490884971088591,0,0,0.490884971088591,29.4530982653155
"42",41,"GV143",55.6678,-158.5786,"BONGO",102.754901960784,0.436392762258004,0,0,0.436392762258004,26.1835657354803
"43",42,"GT145",55.9035,-158.6021,"BONGO",97.7352941176471,0.427287419802504,0,0,0.427287419802504,25.6372451881502
"44",43,"GV145",55.7888,-158.3747,"BONGO",107.776785714286,0.445502233112358,0,0,0.445502233112358,26.7301339867415
"45",44,"GX145",55.674,-158.1481,"BONGO",118.589743589744,0.465116451491499,0,0,0.465116451491499,27.9069870894899
"46",45,"GZ145",55.5592,-157.9222,"BONGO",122.373831775701,0.47198061695854,0,0,0.47198061695854,28.3188370175124
"47",46,"HB145",55.4444,-157.6971,"BONGO",83.7142857142857,0.401853942313103,0,0,0.401853942313103,24.1112365387862
"48",47,"HD145",55.3296,-157.4726,"BONGO",79.125,0.393529184810017,0,0,0.393529184810017,23.611751088601
"49",48,"HF145",55.2148,-157.2488,"BONGO",93.8484848484848,0.420236922918904,0,0,0.420236922918904,25.2142153751342
"50",49,"HH145",55.1,-157.0257,"BONGO",233,0.612790988461339,0,0,0.612790988461339,36.7674593076803
"51",50,"HJ145",54.9853,-156.8033,"BONGO",981.95,0.612790988461339,0,0,0.612790988461339,36.7674593076803
"52",51,"HJ147",55.1062,-156.603,"BONGO",848.347826086957,0.612790988461339,0,0,0.612790988461339,36.7674593076803
"53",52,"HH147",55.221,-156.8248,"BONGO",107.212121212121,0.444477957147911,0,0,0.444477957147911,26.6686774288747
"54",53,"HF147",55.3358,-157.0473,"BONGO",86.5892857142857,0.407069062772235,0,0,0.407069062772235,24.4241437663341
"55",54,"HD147",55.4506,-157.2705,"BONGO",79.6666666666667,0.3945117437371,0,0,0.3945117437371,23.670704624226
"56",55,"HB147",55.5654,-157.4944,"BONGO",89.5592105263158,0.412456372563296,0,0,0.412456372563296,24.7473823537978
"57",56,"GZ147",55.6801,-157.7189,"BONGO",127.142857142857,0.480631414093279,0,0,0.480631414093279,28.8378848455968
"58",57,"GX147",55.7949,-157.9442,"BONGO",109.280575539568,0.44823004009812,0,0,0.44823004009812,26.8938024058872
"59",58,"GV147",55.9097,-158.1702,"BONGO",176.202380952381,0.569623179774778,0,0,0.569623179774778,34.1773907864867
"60",59,"GV149",56.0307,-157.9651,"BONGO",124.141732283465,0.475187508822105,0,0,0.475187508822105,28.5112505293263
"61",60,"GX149",55.9159,-157.7397,"BONGO",73.4,0.383144292765311,0,0,0.383144292765311,22.9886575659187
"62",61,"GZ149",55.8011,-157.515,"BONGO",97.6279069767442,0.427092624367523,0,0,0.427092624367523,25.6255574620514
"63",62,"HB149",55.6863,-157.2911,"BONGO",84.5090909090909,0.403295683124391,0,0,0.403295683124391,24.1977409874635
"64",63,"HD149",55.5715,-157.0678,"BONGO",75.7448979591837,0.387397832007577,0,0,0.387397832007577,23.2438699204546
"65",64,"HF149",55.4567,-156.8452,"BONGO",85.2745098039216,0.404684118511604,0,0,0.404684118511604,24.2810471106962
"66",65,"HH149",55.342,-156.6232,"BONGO",122.851851851852,0.472847723838196,0,0,0.472847723838196,28.3708634302918
"67",66,"HJ149",55.2272,-156.402,"BONGO",197.381818181818,0.60804172461239,0,0,0.60804172461239,36.4825034767434
"68",67,"HJ151",55.3481,-156.2004,"BONGO",180.575757575758,0.577556287915321,0,0,0.577556287915321,34.6533772749192
"69",68,"HH151",55.4629,-156.4211,"BONGO",190.888888888889,0.596263843431433,0,0,0.596263843431433,35.775830605886
"70",69,"HF151",55.5777,-156.6424,"BONGO",214.052325581395,0.612790988461339,0,0,0.612790988461339,36.7674593076803
"71",70,"HD151",55.6925,-156.8644,"BONGO",85.8301886792453,0.405692094953833,0,0,0.405692094953833,24.34152569723
"72",71,"HB151",55.8073,-157.0871,"BONGO",85.2926829268293,0.40471708373772,0,0,0.40471708373772,24.2830250242632
"73",72,"GZ151",55.9221,-157.3105,"BONGO",95.0485436893204,0.422413775584296,0,0,0.422413775584296,25.3448265350578
"74",73,"GX151",56.0368,-157.5346,"BONGO",97.7926829268293,0.427391520516553,0,0,0.427391520516553,25.6434912309932
"75",74,"GV151",56.1516,-157.7594,"BONGO",136.034482758621,0.496760422324135,0,0,0.496760422324135,29.8056253394481
"76",75,"GV153",56.2726,-157.553,"BONGO",125.028248587571,0.476795609453373,0,0,0.476795609453373,28.6077365672024
"77",76,"GX153",56.1578,-157.3288,"BONGO",145.537190082645,0.513997905239842,0,0,0.513997905239842,30.8398743143905
"78",77,"GZ153",56.043,-157.1053,"BONGO",100.725388601036,0.432711316468612,0,0,0.432711316468612,25.9626789881167
"79",78,"HB153",55.9282,-156.8826,"BONGO",144.105691056911,0.511401230507204,0,0,0.511401230507204,30.6840738304323
"80",79,"HD153",55.8134,-156.6605,"BONGO",213.336842105263,0.612790988461339,0,0,0.612790988461339,36.7674593076803
"81",80,"HF153",55.6987,-156.439,"BONGO",230.41935483871,0.612790988461339,0,0,0.612790988461339,36.7674593076803
"82",81,"HH153",55.5839,-156.2183,"BONGO",237.706293706294,0.612790988461339,0,0,0.612790988461339,36.7674593076803
"83",82,"HJ153",55.4691,-155.9982,"BONGO",195.675,0.604945633335862,0,0,0.604945633335862,36.2967380001517
"84",83,"HJ155",55.59,-155.7954,"BONGO",186.848484848485,0.588934732553426,0,0,0.588934732553426,35.3360839532056
"85",84,"HH155",55.7048,-156.0149,"BONGO",204.364864864865,0.612790988461339,0,0,0.612790988461339,36.7674593076803
"86",85,"HF155",55.8196,-156.235,"BONGO",220.314285714286,0.612790988461339,0,0,0.612790988461339,36.7674593076803
"87",86,"HD155",55.9344,-156.4559,"BONGO",192.83185840708,0.599788302591706,0,0,0.599788302591706,35.9872981555024
"88",87,"GZ155",56.164,-156.8995,"BONGO",69.4105263157895,0.375907567258635,0,0,0.375907567258635,22.5544540355181
"89",88,"GX155",56.2787,-157.1224,"BONGO",111.341317365269,0.451968132917669,0,0,0.451968132917669,27.1180879750601
"90",89,"GV155",56.3935,-157.3459,"BONGO",48.7326732673267,0.338398873525085,0,0,0.338398873525085,20.3039324115051
"91",90,"GX157",56.3997,-156.9153,"BONGO",116.892857142857,0.462038375934636,0,0,0.462038375934636,27.7223025560782
"92",91,"GZ157",56.2849,-156.693,"BONGO",97.5204081632653,0.426897626363521,0,0,0.426897626363521,25.6138575818113
"93",92,"HB157",56.1701,-156.4715,"BONGO",221.909836065574,0.612790988461339,0,0,0.612790988461339,36.7674593076803
"94",93,"HD157",56.0554,-156.2506,"BONGO",203.692708333333,0.612790988461339,0,0,0.612790988461339,36.7674593076803
"95",94,"HF157",55.9406,-156.0304,"BONGO",86.0720720720721,0.406130860529713,0,0,0.406130860529713,24.3678516317828
"96",95,"HH157",55.8258,-155.8109,"BONGO",54.9272727272727,0.349635597831064,0,0,0.349635597831064,20.9781358698638
"97",96,"HF159",56.0615,-155.8251,"BONGO",55.9602649006623,0.351509399089348,0,0,0.351509399089348,21.0905639453609
"98",97,"HD159",56.1763,-156.0447,"BONGO",220.423076923077,0.612790988461339,0,0,0.612790988461339,36.7674593076803
"99",98,"HB159",56.2911,-156.265,"BONGO",261.834146341463,0.612790988461339,0,0,0.612790988461339,36.7674593076803
"100",99,"GZ159",56.4059,-156.4859,"BONGO",206.63503649635,0.612790988461339,0,0,0.612790988461339,36.7674593076803
"101",100,"GX159",56.5207,-156.7075,"BONGO",148.494791666667,0.519362861250553,0,0,0.519362861250553,31.1617716750332
"102",101,"GV159",56.6354,-156.9298,"BONGO",91.8073394495413,0.416534377134524,0,0,0.416534377134524,24.9920626280714
"103",102,"GV161",56.7564,-156.7208,"BONGO,CTD",135.541666666667,0.495866476138486,0.325300925925926,0,0.821167402064412,49.2700441238647
"104",103,"GX161",56.6416,-156.4991,"BONGO,CTD",175.924369747899,0.569118879976392,0.347735760971055,0,0.916854640947447,55.0112784568468
"105",104,"GZ161",56.5268,-156.2781,"BONGO,CTD",222.703862660944,0.612790988461339,0.369519949133683,0,0.982310937595022,58.9386562557013
"106",105,"HB161",56.412,-156.0578,"BONGO,CTD",236.314960629921,0.612790988461339,0.3745610965296,0,0.987352084990939,59.2411250994563
"107",106,"HD161",56.2973,-155.8382,"BONGO,CTD",89.6304347826087,0.412585570155011,0.299794685990338,0,0.712380256145349,42.7428153687209
"108",107,"HF161",56.1825,-155.6192,"BONGO,CTD",77.5833333333333,0.390732670940628,0.293101851851852,0,0.683834522792479,41.0300713675488
"109",108,"HF163",56.3034,-155.4126,"BONGO",43.7857142857143,0.329425312831,0,0,0.329425312831,19.76551876986
"110",109,"HD163",56.4182,-155.631,"BONGO",66.0882352941177,0.369881081040092,0,0,0.369881081040092,22.1928648624055
"111",110,"HB163",56.533,-155.85,"BONGO",223.640625,0.612790988461339,0,0,0.612790988461339,36.7674593076803
"112",111,"GZ163",56.6478,-156.0697,"BONGO",285.087719298246,0.612790988461339,0,0,0.612790988461339,36.7674593076803
"113",112,"GX163",56.7626,-156.29,"BONGO",176.573529411765,0.570296426357007,0,0,0.570296426357007,34.2177855814204
"114",113,"GV163",56.8774,-156.5111,"BONGO",71.1769911504425,0.379111854875865,0,0,0.379111854875865,22.7467112925519
"115",114,"GV165",56.9983,-156.3007,"BONGO",79.6588235294118,0.394497516639513,0,0,0.394497516639513,23.6698509983708
"116",115,"GX165",56.8835,-156.0803,"BONGO",215.774193548387,0.612790988461339,0,0,0.612790988461339,36.7674593076803
"117",116,"GZ165",56.7687,-155.8606,"BONGO",282.161904761905,0.612790988461339,0,0,0.612790988461339,36.7674593076803
"118",117,"HB165",56.654,-155.6415,"BONGO",225.470085470085,0.612790988461339,0,0,0.612790988461339,36.7674593076803
"119",118,"HD165",56.5392,-155.4231,"BONGO",58.9736842105263,0.356975605939718,0,0,0.356975605939718,21.4185363563831
"120",119,"HD167",56.6601,-155.2146,"BONGO",63.3456790123457,0.364906207518218,0,0,0.364906207518218,21.8943724510931
"121",120,"HB167",56.7749,-155.4324,"BONGO",228.125786163522,0.612790988461339,0,0,0.612790988461339,36.7674593076803
"122",121,"GZ167",56.8897,-155.6508,"BONGO",271.585858585859,0.612790988461339,0,0,0.612790988461339,36.7674593076803
"123",122,"GX167",57.0045,-155.8698,"BONGO",278.191256830601,0.612790988461339,0,0,0.612790988461339,36.7674593076803
"124",123,"GV167",57.1193,-156.0896,"BONGO",74.9047619047619,0.385873863059449,0,0,0.385873863059449,23.1524317835669
"125",124,"GT169",57.355,-156.0833,"BONGO",38.5949367088608,0.320009476191052,0,0,0.320009476191052,19.2005685714631
"126",125,"GV169",57.2402,-155.8778,"BONGO",238.189024390244,0.612790988461339,0,0,0.612790988461339,36.7674593076803
"127",126,"GX169",57.1254,-155.6587,"BONGO",266.32380952381,0.612790988461339,0,0,0.612790988461339,36.7674593076803
"128",127,"GZ169",57.0107,-155.4403,"BONGO",257.292397660819,0.612790988461339,0,0,0.612790988461339,36.7674593076803
"129",128,"HB169",56.8959,-155.2225,"BONGO",208.762886597938,0.612790988461339,0,0,0.612790988461339,36.7674593076803
"130",129,"HD169",56.7811,-155.0054,"BONGO",58.15625,0.355492817113524,0,0,0.355492817113524,21.3295690268114
"131",130,"HD171",56.902,-154.7956,"BONGO",66,0.369721026192242,0,0,0.369721026192242,22.1832615715345
"132",131,"HB171",57.0168,-155.012,"BONGO",138.959677419355,0.502066593636182,0,0,0.502066593636182,30.1239956181709
"133",132,"GZ171",57.1316,-155.2291,"BONGO",225.701149425287,0.612790988461339,0,0,0.612790988461339,36.7674593076803
"134",133,"GX171",57.2464,-155.4469,"BONGO",251.634285714286,0.612790988461339,0,0,0.612790988461339,36.7674593076803
"135",134,"GV171",57.3612,-155.6653,"BONGO",270.709677419355,0.612790988461339,0,0,0.612790988461339,36.7674593076803
"136",135,"GV173",57.4821,-155.4521,"BONGO",284.238095238095,0.612790988461339,0,0,0.612790988461339,36.7674593076803
"137",136,"GX173",57.3674,-155.2344,"BONGO",234.126213592233,0.612790988461339,0,0,0.612790988461339,36.7674593076803
"138",137,"GZ173",57.2526,-155.0173,"BONGO",205.317365269461,0.612790988461339,0,0,0.612790988461339,36.7674593076803
"139",138,"HB173",57.1378,-154.8008,"BONGO",67.9069767441861,0.373180196082222,0,0,0.373180196082222,22.3908117649333
"140",139,"GZ175",57.3735,-154.8047,"BONGO",60.3454545454545,0.359463935518471,0,0,0.359463935518471,21.5678361311083
"141",140,"GX175",57.4883,-155.0212,"BONGO",222.487341772152,0.612790988461339,0,0,0.612790988461339,36.7674593076803
"142",141,"GV175",57.6031,-155.2383,"BONGO",270.5375,0.612790988461339,0,0,0.612790988461339,36.7674593076803
"143",142,"FOX61",57.72,-155.26,"LINE8",195.588235294118,0,0,0.563448376787763,0.563448376787763,33.8069026072658
"144",143,"FOX60",57.68,-155.17,"LINE8",277.783068783069,0,0,1.41050562561301,1.41050562561301,84.6303375367805
"145",144,"FOX59",57.64,-155.07,"LINE8",241.627659574468,0,0,1.33153045008846,1.33153045008846,79.8918270053078
"146",145,"FOX58",57.61,-155.01,"LINE8",226.848039215686,0,0,1.29924695122702,1.29924695122702,77.9548170736212
"147",146,"FOX57",57.55,-154.88,"LINE8",217.862244897959,0,0,1.2796190532443,1.2796190532443,76.7771431946579
"148",147,"FOX56",57.52,-154.78,"LINE8",196.934010152284,0,0,0.566637204441948,0.566637204441948,33.9982322665169
"149",148,"GX177",57.6093,-154.8073,"BONGO",211.483516483516,0.612790988461339,0,0,0.612790988461339,36.7674593076803
"150",149,"GX179",57.7302,-154.5927,"BONGO",205.465408805031,0.612790988461339,0,0,0.612790988461339,36.7674593076803
"151",150,"GX181",57.8512,-154.3773,"BONGO",203.808510638298,0.612790988461339,0,0,0.612790988461339,36.7674593076803
"152",151,"GX183",57.9721,-154.1612,"BONGO",198.664670658683,0.610368761203049,0,0,0.610368761203049,36.6221256721829
"153",152,"GX185",58.0931,-153.9444,"BONGO",190.593023255814,0.595727156504058,0,0,0.595727156504058,35.7436293902435
"154",153,"GX187",58.2141,-153.7269,"BONGO",181.441176470588,0.579126118796764,0,0,0.579126118796764,34.7475671278059
"155",154,"GX189",58.335,-153.5086,"BONGO",307.253333333333,0.612790988461339,0,0,0.612790988461339,36.7674593076803
"156",155,"GX191",58.456,-153.2895,"BONGO",167.553719008264,0.553934896696908,0,0,0.553934896696908,33.2360938018145
"157",156,"GX193",58.5769,-153.0697,"BONGO",153.386363636364,0.528235952400633,0,0,0.528235952400633,31.694157144038
"158",157,"GX195",58.6979,-152.8492,"BONGO",148.695652173913,0.519727213160386,0,0,0.519727213160386,31.1836327896232
"159",158,"GX197",58.8188,-152.6279,"BONGO",190.514285714286,0.595584330151458,0,0,0.595584330151458,35.7350598090875
"160",159,"GX199",58.9398,-152.4058,"BONGO",103.936708860759,0.438536506725066,0,0,0.438536506725066,26.312190403504
"161",160,"GZ199",58.825,-152.1978,"BONGO",111.666666666667,0.452558301890914,0,0,0.452558301890914,27.1534981134548
"162",161,"GX201",59.0607,-152.1829,"BONGO",134.975,0.494838568337846,0,0,0.494838568337846,29.6903141002707
"163",162,"GZ203",59.0669,-151.7527,"BONGO",71.5714285714286,0.379827346585093,0,0,0.379827346585093,22.7896407951056
"164",163,"HB205",59.0731,-151.3238,"BONGO",41.7105263157895,0.32566101535674,0,0,0.32566101535674,19.5396609214044
"165",164,"HD205",58.9583,-151.1192,"BONGO",164.157534246575,0.547774370563455,0,0,0.547774370563455,32.8664622338073
"166",165,"HF205",58.8435,-150.9151,"BONGO",150.8,0.523544405299849,0,0,0.523544405299849,31.412664317991
"167",166,"HH205",58.7287,-150.7115,"BONGO",180,0.576511889615205,0,0,0.576511889615205,34.5907133769123
"168",167,"HJ205",58.614,-150.5086,"BONGO",197,0.607349123634419,0,0,0.607349123634419,36.4409474180651
"169",168,"HL205",58.4992,-150.3061,"BONGO",79.1060606060606,0.393494829602776,0,0,0.393494829602776,23.6096897761666
"170",169,"HL203",58.3782,-150.5254,"BONGO",61.1,0.360832646974939,0,0,0.360832646974939,21.6499588184963
"171",170,"HJ203",58.493,-150.7286,"BONGO",82.7464788732394,0.400098384310589,0,0,0.400098384310589,24.0059030586353
"172",171,"HH203",58.6078,-150.9323,"BONGO",178.714285714286,0.574179661832239,0,0,0.574179661832239,34.4507797099343
"173",172,"HF203",58.7226,-151.1366,"BONGO",166.29347826087,0.551648876764675,0,0,0.551648876764675,33.0989326058805
"174",173,"HD203",58.8374,-151.3414,"BONGO",118.018518518519,0.464080274950381,0,0,0.464080274950381,27.8448164970228
"175",174,"HB203",58.9521,-151.5468,"BONGO",82.7474747474748,0.40010019078158,0,0,0.40010019078158,24.0060114468948
"176",175,"HB201",58.8312,-151.7689,"BONGO",112.26,0.453634581823349,0,0,0.453634581823349,27.218074909401
"177",176,"HD201",58.7164,-151.5629,"BONGO",165.141843971631,0.549559864053981,0,0,0.549559864053981,32.9735918432389
"178",177,"HF201",58.6016,-151.3573,"BONGO",153.964912280702,0.529285413573395,0,0,0.529285413573395,31.7571248144037
"179",178,"HH201",58.4868,-151.1523,"BONGO",85.3282442748092,0.404781590420643,0,0,0.404781590420643,24.2868954252386
"180",179,"HJ201",58.372,-150.9479,"BONGO",55.9777777777778,0.351541166659346,0,0,0.351541166659346,21.0924699995607
"181",180,"HL201",58.2573,-150.7439,"BONGO",60.1149425287356,0.359045797106483,0,0,0.359045797106483,21.542747826389
"182",181,"HB199",58.7102,-151.9903,"BONGO",134.181102362205,0.493398473794081,0,0,0.493398473794081,29.6039084276449
"183",182,"HD199",58.5954,-151.7835,"BONGO",163.606557377049,0.546774923347882,0,0,0.546774923347882,32.8064954008729
"184",183,"HD197",58.4745,-152.0034,"BONGO",90.4766355140187,0.414120540153935,0,0,0.414120540153935,24.8472324092361
"185",184,"HF199",58.4807,-151.5772,"BONGO",154.208,0.52972636374323,0,0,0.52972636374323,31.7835818245938
"186",185,"HF197",58.3597,-151.7964,"BONGO",40.0425531914894,0.322635387264281,0,0,0.322635387264281,19.3581232358568
"187",186,"HH199",58.3659,-151.3715,"BONGO",113.047619047619,0.455063287287433,0,0,0.455063287287433,27.303797237246
"188",187,"HH197",58.2449,-151.59,"BONGO",59.8,0.35847450554994,0,0,0.35847450554994,21.5084703329964
"189",188,"HJ199",58.2511,-151.1664,"BONGO",150.978947368421,0.523869007763209,0,0,0.523869007763209,31.4321404657926
"190",189,"HL199",58.1363,-150.9617,"BONGO",133.095238095238,0.491428764940343,0,0,0.491428764940343,29.4857258964206
"191",190,"HN199",58.0215,-150.7577,"BONGO",130.042553191489,0.485891332071883,0,0,0.485891332071883,29.153479924313
"192",191,"HP199",57.9047,-150.5473,"BONGO",121.727272727273,0.470807787977151,0,0,0.470807787977151,28.2484672786291
"193",192,"HP197",57.7854,-150.76,"BONGO",76.9411764705882,0.389567827325715,0,0,0.389567827325715,23.3740696395429
"194",193,"HN197",57.9006,-150.9741,"BONGO",67.4137931034483,0.372285583179641,0,0,0.372285583179641,22.3371349907784
"195",194,"HL197",58.0153,-151.1788,"BONGO",71.2222222222222,0.379193902002066,0,0,0.379193902002066,22.7516341201239
"196",195,"HJ197",58.1301,-151.3841,"BONGO",117.040816326531,0.46230676722712,0,0,0.46230676722712,27.7384060336272
"197",196,"HH195",58.124,-151.8077,"BONGO",63.1428571428571,0.364538297785651,0,0,0.364538297785651,21.8722978671391
"198",197,"HJ195",58.0092,-151.6012,"BONGO",86.7777777777778,0.407410978882392,0,0,0.407410978882392,24.4446587329435
"199",198,"HL195",57.8944,-151.3952,"BONGO",62.7179487179487,0.363767533048261,0,0,0.363767533048261,21.8260519828956
"200",199,"HN195",57.7796,-151.1897,"BONGO",61.4657534246575,0.361496107207262,0,0,0.361496107207262,21.6897664324357
"201",200,"HP195",57.6656,-150.9728,"BONGO",71.4736842105263,0.379650042718552,0,0,0.379650042718552,22.7790025631131
"202",201,"HP193",57.5455,-151.1857,"BONGO",63.7446808510638,0.36562997887555,0,0,0.36562997887555,21.937798732533
"203",202,"HN193",57.6586,-151.4047,"BONGO",57.0967741935484,0.353570975738156,0,0,0.353570975738156,21.2142585442894
"204",203,"HL193",57.7734,-151.6108,"BONGO",39.3689320388349,0.321413468845181,0,0,0.321413468845181,19.2848081307109
"205",204,"HJ193",57.8882,-151.8175,"BONGO",55.9411764705882,0.351474773537274,0,0,0.351474773537274,21.0884864122365
"206",205,"HH193",58.003,-152.0247,"BONGO",160.619047619048,0.541355715257165,0,0,0.541355715257165,32.4813429154299
"207",206,"HJ191",57.7673,-152.033,"BONGO",92.3461538461538,0.417511762172245,0,0,0.417511762172245,25.0507057303347
"208",207,"HL191",57.6525,-151.8257,"BONGO",89.5,0.412348967336449,0,0,0.412348967336449,24.7409380401869
"209",208,"HN191",57.5377,-151.6189,"BONGO",149.195652173913,0.52063419063154,0,0,0.52063419063154,31.2380514378924
"210",209,"HP191",57.4249,-151.3986,"BONGO",164.4,0.54821419251522,0,0,0.54821419251522,32.8928515509132
"211",210,"HP189",57.3039,-151.6114,"BONGO",58.8651685393258,0.356778763401627,0,0,0.356778763401627,21.4067258040976
"212",211,"HN189",57.4167,-151.8324,"BONGO",60.4523809523809,0.359657895202778,0,0,0.359657895202778,21.5794737121667
"213",212,"HL189",57.5315,-152.0398,"BONGO",322.439024390244,0.612790988461339,0,0,0.612790988461339,36.7674593076803
"214",213,"HL187",57.4106,-152.2533,"BONGO",37.125,0.317343077233136,0,0,0.317343077233136,19.0405846339882
"215",214,"HN187",57.2958,-152.0452,"BONGO",69.030303030303,0.375217859350747,0,0,0.375217859350747,22.5130715610448
"216",215,"HP187",57.1826,-151.8243,"BONGO",53.2941176470588,0.346673128101757,0,0,0.346673128101757,20.8003876861054
"217",216,"HP185",57.0608,-152.0371,"BONGO",64.3870967741936,0.366795292414328,0,0,0.366795292414328,22.0077175448597
"218",217,"HN185",57.1748,-152.2573,"BONGO",73.3214285714286,0.38300176773413,0,0,0.38300176773413,22.9801060640478
"219",218,"HL185",57.2896,-152.466,"BONGO",69.3368421052632,0.375773907420781,0,0,0.375773907420781,22.5464344452469
"220",219,"HL183",57.1686,-152.6781,"BONGO",115.352941176471,0.459245037756672,0,0,0.459245037756672,27.5547022654003
"221",220,"HN183",57.0539,-152.4687,"BONGO",140.504761904762,0.504869307274768,0,0,0.504869307274768,30.2921584364861
"222",221,"HP183",56.9386,-152.25,"BONGO",62.9090909090909,0.364114256370566,0,0,0.364114256370566,21.846855382234
"223",222,"HP181",56.8161,-152.4629,"BONGO",159.979591836735,0.540195771280452,0,0,0.540195771280452,32.4117462768271
"224",223,"HN181",56.9329,-152.6794,"BONGO",133.103448275862,0.491443657838063,0,0,0.491443657838063,29.4866194702838
"225",224,"HL181",57.0477,-152.8895,"BONGO",79.0480769230769,0.393389649814455,0,0,0.393389649814455,23.6033789888673
"226",225,"HL179",56.9267,-153.1002,"BONGO",115.125,0.458831562733058,0,0,0.458831562733058,27.5298937639835
"227",226,"HN179",56.812,-152.8894,"BONGO",55.2117647058824,0.350151653461709,0,0,0.350151653461709,21.0090992077026
"228",227,"HP179",56.6931,-152.6757,"BONGO",85.5,0.405093147567222,0,0,0.405093147567222,24.3055888540333
"229",228,"HP177",56.5728,-152.8833,"BONGO",75.5113636363636,0.3869742112685,0,0,0.3869742112685,23.21845267611
"230",229,"HN177",56.691,-153.0988,"BONGO",138.666666666667,0.501535085333195,0,0,0.501535085333195,30.0921051199917
"231",230,"HL177",56.8058,-153.3102,"BONGO",159.84693877551,0.539955144604432,0,0,0.539955144604432,32.3973086762659
"232",231,"HL175",56.6848,-153.5195,"BONGO",142.411764705882,0.508328524430853,0,0,0.508328524430853,30.4997114658512
"233",232,"HN175",56.57,-153.3075,"BONGO",81.7701149425287,0.398327304132986,0,0,0.398327304132986,23.8996382479792
"234",233,"HP175",56.4501,-153.0944,"BONGO",34.5,0.312581445509581,0,0,0.312581445509581,18.7548867305749
"235",234,"HP173",56.332,-153.2968,"BONGO",37.25,0.317569821600924,0,0,0.317569821600924,19.0541892960555
"236",235,"HN173",56.4491,-153.5155,"BONGO",69.1071428571429,0.375357243334409,0,0,0.375357243334409,22.5214346000645
"237",236,"HL173",56.5639,-153.7281,"BONGO",64.4492753623188,0.366908081571563,0,0,0.366908081571563,22.0144848942938
"238",237,"HJ173",56.6787,-153.9414,"BONGO",60,0.358837296538402,0,0,0.358837296538402,21.5302377923041
"239",238,"KODIAK",57.78385,-152.4267,"Port",NA,0,0,0,0,0
